SO8F7Wgv4C;PDQVpIFA
fo9ONleWIA;CHswnTLt
gl5nPOKKfK;Esg7W4ai
gXVGk57zMf;3b9R3Pkc
pMteXWZna8;coEheYsH
rtUT98VoBY;uGikFCyi
GZUSAQOSfh;uDQ5hegL
bpvdcrdVMn;GLCVDP7m
GtMXYaMxNQ;1ihXYOk2
GoFlxzYg2o;ysUUQPrH
S7kdkyxgNm;ZFHIuv2C
AdP6Tx3hTd;Q1lmo9P6
AmX0H9Fteg;AGShL777
LF7G4XzdgF;Vv8qNhOy
ytqykicFz3;fr978bh3
RNbUkmGTsC;14Ptn6rw
A6eGmigpRM;pFgR1DkU
gy3XIkGuyp;7FXXAvu5
H1gNwOoRnG;e3W62mIM
mwhNTMDKb5;IlZFfQPc
umV8rLQX8o;mVxu7H1S
HN2q3Fvd2V;AtGZ9GLe
K7ZpRPx7ga;r77awh2V
4Xd8w7COfy;BgEHCMQN
M9Q6MOhdFO;IiQiR7yH
VuuLHWtSpU;pDoceDoL
YS4iLblGZQ;Bcgp3OLe
bVmNvNhhHW;goX6NZ4z
wvDbiUQw97;tTttlTln
i4f9Vmoigt;Npidfma8
uTulQTx4HH;lGWXDgzT
dft9HUxfCD;I8x0c6il
LQ7fwLyAQq;qGFSxf2N
yd5uHt8Mer;3epKxarD
GRDCu0W0GN;SGubRiqY
992w0Do0qv;TA5nkOs5
4QCYrAEfOp;QKg1ctUa
u3KU7ntk02;BohACF7u
e6CkMDIT3z;7Mgum3cg
e3C7o0tvxi;192uMB7I
r39057dN67;E0V8gbkY
L1AuK90iMN;qwTygxu4
37SoNuOfLq;gLMG3HK0
1QbTTEekfs;7ZCgx636
Zf7ZAnhsVU;UBm5I9qx
L3774l8e2F;HT7zzQBn
MV9IukCegx;ZW9lKTeT
RM6FKfevEV;FdVpndho
hXrHnIVu8Z;pf37eATG
b14NlSzAr0;wsrPXeva
k3hgD8080h;LrSdpxW9
dnus1G9PRz;rsbIvX7G
kOgOG6LaIU;1bWNNGU2
AMVv0HagBq;0XQOZz71
MiAgAGR9Hz;wxznHmgf
IGIswfoe4E;X66fzGNu
kc55xGTvGX;Kv9lrCLh
bdFdMfy66u;m9RMt5VX
4x5SsUskms;ouxmobnt
G1gIpkxh2p;ZRVYgnr7
6cEEEgM0Bu;QUFziUfO
wf1Dd4MWfo;rg44OaZ4
IYfTQiDWk1;DisUBpK6
ZlStMBYgra;gGZot75a
rwiBTaCDbQ;QqCycB5w
676yPsKlwy;V8GeIgR7
GglAL2i1gV;rEmhcQVQ
ZNBGKqyXBW;1uBbAZOH
4ogX7H3GNL;5xPMcMdY
oRpOVHifUI;c8XgmoFp
sVxNzVwHLY;07bIRwtR
b8nsxLGdpx;GI5g0Gcb
gu9na7Pe8F;pnakGo7p
VTgF0eoSUX;MA1ooy6T
AHR8wbvUHV;ffVz7tEc
PxnOSb7Mls;xVSw7GHi
rFfY3Zqmwx;V6mrD5Ds
oFIzWEGXgG;WD17LHVS
QKnhgozsK8;ZZaGMyaW
uMDv7ZCEkM;pGezpE8M
Y1gcTlNuRa;o8KlQI62
7ewhywXGWX;NitprUt3
yaMaBw1k86;WYGpmgpN
8zlE87iGAs;ASAGLG3P
9RwS97gLDS;7gQ6UxEN
BNVyLLQsEa;o66Wfq0r
99i7ggmkvc;voRWZRZ8
NuZFVBmZfr;F5UhZlgn
nmpx5g8xQ8;cm08Q0xo
lo7BFaVPyg;b7ioyvmv
C8iyphE7FM;kq7NEtTM
8FA7v9FIeC;KHHoFdgh
ZGRKRro2n1;6hmIpFfA
Pow3NBWVfR;YPENpen6
OhI2CnFxvR;8VbW2YiM
FPM9HP6qXr;fbL1dcKR
LGF2g8ZYFd;zWHzoxtr
cxtNQ5g7ad;Z2AS546v
0wrx4D3KKU;EzG7qFT6
gSKtB3RFSw;wAKwmNqR
